,DATE,CREDIT,DEBIT,BALANCE,CURRENCY,CAT,TYPE,ACCOUNT,MONTH,YEAR,CREDIT_SGD,DEBIT_SGD,BALANCE_SGD,CREDIT_CHF,DEBIT_CHF,BALANCE_CHF,CREDIT_COP,DEBIT_COP,BALANCE_COP,CREDIT_USD,DEBIT_USD,BALANCE_USD
1,15/1/16,0.145491819,0,1746.047325,CHF,Interest Earned,RETIREMENT,inv1,Jan,2016,0.207502592,0,2490.212697,0.145493333,0,1746.047327,469.3333404,0,5632410.816,0.145580629,0,1747.094955
2,15/2/16,0.145503944,0,1746.192829,CHF,Interest Earned,RETIREMENT,inv1,Feb,2016,0.203258263,0,2439.25676,0.145506667,0,1746.192827,469.3763511,0,5632880.171,0.142727489,0,1712.840544
3,15/3/16,0.145503945,0,1746.338333,CHF,Interest Earned,RETIREMENT,inv1,Mar,2016,0.204160404,0,2450.287316,0.145506667,0,1746.338333,469.3763511,0,5633349.547,0.145666724,0,1748.259306
4,15/4/16,0.145503945,0,1746.483837,CHF,Interest Earned,RETIREMENT,inv1,Apr,2016,0.204567823,0,2455.381631,0.145506667,0,1746.48384,469.3763511,0,5633818.923,0.151967163,0,1824.027722
5,15/5/16,0.145503945,0,1746.629341,CHF,Interest Earned,RETIREMENT,inv1,May,2016,0.20385484,0,2447.027705,0.145506667,0,1746.62934,469.3763511,0,5634288.278,0.152039916,0,1825.052997
6,15/6/16,0.145503945,0,1746.774845,CHF,Interest Earned,RETIREMENT,inv1,Jun,2016,0.202370672,0,2429.414457,0.145506667,0,1746.774847,469.3763511,0,5634757.654,0.147078139,0,1765.640015
7,15/7/16,0.145503945,0,1746.920349,CHF,Interest Earned,RETIREMENT,inv1,Jul,2016,0.200886504,0,2411.798231,0.145506667,0,1746.920347,469.3763511,0,5635227.009,0.149537201,0,1795.31004
8,15/8/16,0.145503945,0,1747.065852,CHF,Interest Earned,RETIREMENT,inv1,Aug,2016,0.201497632,0,2419.336794,0.145506667,0,1747.065853,469.3763511,0,5635696.386,0.150308387,0,1804.719026
9,15/9/16,0.145503945,0,1747.211356,CHF,Interest Earned,RETIREMENT,inv1,Sep,2016,0.201439429,0,2418.839398,0.145506667,0,1747.211353,469.3763511,0,5636165.74,0.147732919,0,1773.943687
10,15/10/16,0.145503945,0,1747.35686,CHF,Interest Earned,RETIREMENT,inv1,Oct,2016,0.204247708,0,2452.764824,0.145506667,0,1747.35686,469.3763511,0,5636635.117,0.149740911,0,1798.204945
11,15/11/16,0.145503945,0,1747.502364,CHF,Interest Earned,RETIREMENT,inv1,Nov,2016,0.205804629,0,2471.667347,0.145506667,0,1747.502367,469.3763511,0,5637104.493,0.148227641,0,1780.180661
12,15/12/16,0.145503945,0,1747.647868,CHF,Interest Earned,RETIREMENT,inv1,Dec,2016,0.205135299,0,2463.833962,0.145506667,0,1747.647867,469.3763511,0,5637573.848,0.143658732,0,1725.452739
13,15/1/17,0.145503945,0,1747.793372,CHF,Interest Earned,RETIREMENT,inv1,Jan,2017,0.206226599,0,2477.147548,0.145506667,0,1747.793373,469.3763511,0,5638043.224,0.142160013,0,1707.594126
14,15/2/17,0.145503945,0,1747.938876,CHF,Interest Earned,RETIREMENT,inv1,Feb,2017,0.207638013,0,2494.308772,0.145506667,0,1747.938873,469.3763511,0,5638512.579,0.147005385,0,1765.942644
15,15/3/17,0.145503945,0,1748.08438,CHF,Interest Earned,RETIREMENT,inv1,Mar,2017,0.202836293,0,2436.829626,0.145506667,0,1748.08438,469.3763511,0,5638981.956,0.143949745,0,1729.379877
16,15/4/17,0.145503945,0,1748.229884,CHF,Interest Earned,RETIREMENT,inv1,Apr,2017,0.202952699,0,2438.431046,0.145506667,0,1748.229887,469.3763511,0,5639451.332,0.145215653,0,1744.733427
17,15/5/17,0.145503945,0,1748.375388,CHF,Interest Earned,RETIREMENT,inv1,May,2017,0.204102201,0,2452.446155,0.145506667,0,1748.375387,469.3763511,0,5639920.687,0.146350605,0,1758.515964
18,15/6/17,0.145503945,0,1748.520892,CHF,Interest Earned,RETIREMENT,inv1,Jun,2017,0.20756526,0,2494.265054,0.145506667,0,1748.520893,469.3763511,0,5640390.063,0.150002823,0,1802.550189
19,15/7/17,0.145503945,0,1748.666396,CHF,Interest Earned,RETIREMENT,inv1,Jul,2017,0.20887482,0,2510.210608,0.145506667,0,1748.666393,469.3763511,0,5640859.418,0.151166876,0,1816.689516
20,15/8/17,0.145503945,0,1748.8119,CHF,Interest Earned,RETIREMENT,inv1,Aug,2017,0.20450962,0,2457.955125,0.145506667,0,1748.8119,469.3763511,0,5641328.794,0.150584849,0,1809.845435
21,15/9/17,0.145503945,0,1748.957404,CHF,Interest Earned,RETIREMENT,inv1,Sep,2017,0.205339008,0,2468.128692,0.145506667,0,1748.957407,469.3763511,0,5641798.171,0.151603396,0,1822.238722
22,15/10/17,0.145503945,0,1749.102908,CHF,Interest Earned,RETIREMENT,inv1,Oct,2017,0.204276809,0,2455.565571,0.145506667,0,1749.102907,469.3763511,0,5642267.525,0.149915519,0,1802.100725
23,15/11/17,0.145503945,0,1749.248412,CHF,Interest Earned,RETIREMENT,inv1,Nov,2017,0.197612604,0,2375.65427,0.145506667,0,1749.248413,469.3763511,0,5642736.902,0.145157451,0,1745.050217
24,15/12/17,0.145503945,0,1749.393916,CHF,Interest Earned,RETIREMENT,inv1,Dec,2017,0.199315032,0,2396.319782,0.145506667,0,1749.393913,469.3763511,0,5643206.257,0.147922077,0,1778.433852
40,15/1/16,0.191721722,0,2300.852388,CHF,Interest Earned,RETIREMENT,inv2,Jan,2016,0.273431064,0,3281.475674,0.19172,0,2300.852387,618.4516222,0,7422104.584,0.191835032,0,2302.232898
41,15/2/16,0.191737699,0,2301.044126,CHF,Interest Earned,RETIREMENT,inv2,Feb,2016,0.267841606,0,3214.328541,0.19174,0,2301.044127,618.5161383,0,7422723.101,0.188077766,0,2257.094184
42,15/3/16,0.1917377,0,2301.235864,CHF,Interest Earned,RETIREMENT,inv2,Mar,2016,0.269030394,0,3228.864045,0.19174,0,2301.235867,618.5161383,0,7423341.617,0.191950914,0,2303.767226
43,15/4/16,0.1917377,0,2301.427601,CHF,Interest Earned,RETIREMENT,inv2,Apr,2016,0.269567266,0,3235.577063,0.19174,0,2301.4276,618.5161383,0,7423960.111,0.200253256,0,2403.610985
44,15/5/16,0.1917377,0,2301.619339,CHF,Interest Earned,RETIREMENT,inv2,May,2016,0.26862774,0,3224.568695,0.19174,0,2301.61934,618.5161383,0,7424578.627,0.200349126,0,2404.962048
45,15/6/16,0.1917377,0,2301.811077,CHF,Interest Earned,RETIREMENT,inv2,Jun,2016,0.266671992,0,3201.35885,0.19174,0,2301.81108,618.5161383,0,7425197.144,0.193810792,0,2326.67064
46,15/7/16,0.1917377,0,2302.002815,CHF,Interest Earned,RETIREMENT,inv2,Jul,2016,0.264716244,0,3178.145084,0.19174,0,2302.002813,618.5161383,0,7425815.638,0.197051198,0,2365.768291
47,15/8/16,0.1917377,0,2302.194552,CHF,Interest Earned,RETIREMENT,inv2,Aug,2016,0.265521552,0,3188.079017,0.19174,0,2302.194553,618.5161383,0,7426434.154,0.19806742,0,2378.166974
48,15/9/16,0.1917377,0,2302.38629,CHF,Interest Earned,RETIREMENT,inv2,Sep,2016,0.265444856,0,3187.423575,0.19174,0,2302.386287,618.5161383,0,7427052.649,0.194673622,0,2337.612797
49,15/10/16,0.1917377,0,2302.578028,CHF,Interest Earned,RETIREMENT,inv2,Oct,2016,0.269145438,0,3232.128776,0.19174,0,2302.578027,618.5161383,0,7427671.165,0.197319634,0,2369.583047
50,15/11/16,0.1917377,0,2302.769765,CHF,Interest Earned,RETIREMENT,inv2,Nov,2016,0.271197056,0,3257.037558,0.19174,0,2302.769767,618.5161383,0,7428289.681,0.195325538,0,2345.831561
51,15/12/16,0.1917377,0,2302.961503,CHF,Interest Earned,RETIREMENT,inv2,Dec,2016,0.270315052,0,3246.715123,0.19174,0,2302.9615,618.5161383,0,7428908.176,0.189304902,0,2273.713889
52,15/1/17,0.1917377,0,2303.153241,CHF,Interest Earned,RETIREMENT,inv2,Jan,2017,0.271753102,0,3264.259087,0.19174,0,2303.15324,618.5161383,0,7429526.692,0.18732998,0,2250.180715
53,15/2/17,0.1917377,0,2303.344978,CHF,Interest Earned,RETIREMENT,inv2,Feb,2017,0.27361298,0,3286.873286,0.19174,0,2303.34498,618.5161383,0,7430145.208,0.193714922,0,2327.069433
54,15/3/17,0.1917377,0,2303.536716,CHF,Interest Earned,RETIREMENT,inv2,Mar,2017,0.26728556,0,3211.130178,0.19174,0,2303.536713,618.5161383,0,7430763.703,0.189688382,0,2278.888871
55,15/4/17,0.1917377,0,2303.728454,CHF,Interest Earned,RETIREMENT,inv2,Apr,2017,0.267438952,0,3213.240447,0.19174,0,2303.728453,618.5161383,0,7431382.219,0.19135652,0,2299.120996
56,15/5/17,0.1917377,0,2303.920192,CHF,Interest Earned,RETIREMENT,inv2,May,2017,0.268953698,0,3231.708855,0.19174,0,2303.920193,618.5161383,0,7432000.735,0.192852092,0,2317.28293
57,15/6/17,0.1917377,0,2304.111929,CHF,Interest Earned,RETIREMENT,inv2,Jun,2017,0.27351711,0,3286.815663,0.19174,0,2304.111927,618.5161383,0,7432619.23,0.197664766,0,2375.308985
58,15/7/17,0.1917377,0,2304.303667,CHF,Interest Earned,RETIREMENT,inv2,Jul,2017,0.27524277,0,3307.827914,0.19174,0,2304.303667,618.5161383,0,7433237.746,0.199198686,0,2393.941079
59,15/8/17,0.1917377,0,2304.495405,CHF,Interest Earned,RETIREMENT,inv2,Aug,2017,0.26949057,0,3238.968294,0.19174,0,2304.495407,618.5161383,0,7433856.262,0.198431726,0,2384.922296
60,15/9/17,0.1917377,0,2304.687142,CHF,Interest Earned,RETIREMENT,inv2,Sep,2017,0.270583488,0,3252.374492,0.19174,0,2304.68714,618.5161383,0,7434474.757,0.199773906,0,2401.253531
61,15/10/17,0.1917377,0,2304.87888,CHF,Interest Earned,RETIREMENT,inv2,Oct,2017,0.269183786,0,3235.81946,0.19174,0,2304.87888,618.5161383,0,7435093.273,0.197549722,0,2374.71671
62,15/11/17,0.1917377,0,2305.070618,CHF,Interest Earned,RETIREMENT,inv2,Nov,2017,0.260402094,0,3130.516409,0.19174,0,2305.07062,618.5161383,0,7435711.789,0.191279824,0,2299.538451
63,15/12/17,0.1917377,0,2305.262355,CHF,Interest Earned,RETIREMENT,inv2,Dec,2017,0.262645452,0,3157.748372,0.19174,0,2305.262353,618.5161383,0,7436330.284,0.194922884,0,2343.529708
79,15/1/16,4632.338512,0,1239922.608,COP,Interest Earned,BONDS,inv3,Jan,2016,1.852935405,0,495.9690433,1.389701554,0,371.9767825,4632.338513,0,1239922.608,1.389701554,0,371.9767825
80,15/2/16,4649.709781,0,1244572.318,COP,Interest Earned,BONDS,inv3,Feb,2016,1.859883912,0,497.8289273,1.394912934,0,373.3716954,4649.70978,0,1244572.318,1.394912934,0,373.3716954
81,15/3/16,4649.774924,0,1249222.093,COP,Interest Earned,BONDS,inv3,Mar,2016,1.859909971,0,499.6888372,1.394932478,0,374.7666279,4649.774927,0,1249222.093,1.394932478,0,374.7666279
82,15/4/16,4649.775168,0,1253871.868,COP,Interest Earned,BONDS,inv3,Apr,2016,1.859910067,0,501.5487473,1.39493255,0,376.1615605,4649.775167,0,1253871.868,1.39493255,0,376.1615605
83,15/5/16,4649.775169,0,1258521.643,COP,Interest Earned,BONDS,inv3,May,2016,1.859910067,0,503.4086574,1.39493255,0,377.556493,4649.775167,0,1258521.643,1.39493255,0,377.556493
84,15/6/16,4649.775169,0,1263171.419,COP,Interest Earned,BONDS,inv3,Jun,2016,1.859910067,0,505.2685674,1.39493255,0,378.9514256,4649.775167,0,1263171.419,1.39493255,0,378.9514256
85,15/7/16,4649.775169,0,1267821.194,COP,Interest Earned,BONDS,inv3,Jul,2016,1.859910067,0,507.1284775,1.39493255,0,380.3463581,4649.775167,0,1267821.194,1.39493255,0,380.3463581
86,15/8/16,4649.775169,0,1272470.969,COP,Interest Earned,BONDS,inv3,Aug,2016,1.859910067,0,508.9883876,1.39493255,0,381.7412907,4649.775167,0,1272470.969,1.39493255,0,381.7412907
87,15/9/16,4649.775169,0,1277120.744,COP,Interest Earned,BONDS,inv3,Sep,2016,1.859910067,0,510.8482976,1.39493255,0,383.1362232,4649.775167,0,1277120.744,1.39493255,0,383.1362232
88,15/10/16,4649.775169,0,1281770.519,COP,Interest Earned,BONDS,inv3,Oct,2016,1.859910067,0,512.7082077,1.39493255,0,384.5311558,4649.775167,0,1281770.519,1.39493255,0,384.5311558
89,15/11/16,4649.775169,0,1286420.294,COP,Interest Earned,BONDS,inv3,Nov,2016,1.859910067,0,514.5681178,1.39493255,0,385.9260883,4649.775167,0,1286420.294,1.39493255,0,385.9260883
90,15/12/16,4649.775169,0,1291070.07,COP,Interest Earned,BONDS,inv3,Dec,2016,1.859910067,0,516.4280278,1.39493255,0,387.3210209,4649.775167,0,1291070.07,1.39493255,0,387.3210209
91,15/1/17,4649.775169,0,1295719.845,COP,Interest Earned,BONDS,inv3,Jan,2017,1.859910067,0,518.2879379,1.39493255,0,388.7159534,4649.775167,0,1295719.845,1.39493255,0,388.7159534
92,15/2/17,4649.775169,0,1300369.62,COP,Interest Earned,BONDS,inv3,Feb,2017,1.859910067,0,520.147848,1.39493255,0,390.110886,4649.775167,0,1300369.62,1.39493255,0,390.110886
93,15/3/17,4649.775169,0,1305019.395,COP,Interest Earned,BONDS,inv3,Mar,2017,1.859910067,0,522.007758,1.39493255,0,391.5058185,4649.775167,0,1305019.395,1.39493255,0,391.5058185
94,15/4/17,4649.775169,0,1309669.17,COP,Interest Earned,BONDS,inv3,Apr,2017,1.859910067,0,523.8676681,1.39493255,0,392.9007511,4649.775167,0,1309669.17,1.39493255,0,392.9007511
95,15/5/17,4649.775169,0,1314318.945,COP,Interest Earned,BONDS,inv3,May,2017,1.859910067,0,525.7275782,1.39493255,0,394.2956836,4649.775167,0,1314318.945,1.39493255,0,394.2956836
96,15/6/17,4649.775169,0,1318968.721,COP,Interest Earned,BONDS,inv3,Jun,2017,1.859910067,0,527.5874882,1.39493255,0,395.6906162,4649.775167,0,1318968.721,1.39493255,0,395.6906162
97,15/7/17,4649.775169,0,1323618.496,COP,Interest Earned,BONDS,inv3,Jul,2017,1.859910067,0,529.4473983,1.39493255,0,397.0855487,4649.775167,0,1323618.496,1.39493255,0,397.0855487
98,15/8/17,4649.775169,0,1328268.271,COP,Interest Earned,BONDS,inv3,Aug,2017,1.859910067,0,531.3073084,1.39493255,0,398.4804813,4649.775167,0,1328268.271,1.39493255,0,398.4804813
99,15/9/17,4649.775169,0,1332918.046,COP,Interest Earned,BONDS,inv3,Sep,2017,1.859910067,0,533.1672184,1.39493255,0,399.8754138,4649.775167,0,1332918.046,1.39493255,0,399.8754138
100,15/10/17,4649.775169,0,1337567.821,COP,Interest Earned,BONDS,inv3,Oct,2017,1.859910067,0,535.0271285,1.39493255,0,401.2703464,4649.775167,0,1337567.821,1.39493255,0,401.2703464
101,15/11/17,4649.775169,0,1342217.596,COP,Interest Earned,BONDS,inv3,Nov,2017,1.859910067,0,536.8870386,1.39493255,0,402.6652789,4649.775167,0,1342217.596,1.39493255,0,402.6652789
102,15/12/17,4598.111,0,1346815.707,COP,Interest Earned,BONDS,inv3,Dec,2017,1.8392444,0,538.726283,1.3794333,0,404.0447122,4598.111,0,1346815.707,1.3794333,0,404.0447122
105,15/1/16,12452.95934,0,3370554.354,COP,Interest Earned,BONDS,inv4,Jan,2016,4.981183736,0,1348.221742,3.735887802,0,1011.166306,12452.95934,0,3370554.354,3.735887802,0,1011.166306
106,15/2/16,12499.13906,0,3383053.493,COP,Interest Earned,BONDS,inv4,Feb,2016,4.999655624,0,1353.221397,3.749741718,0,1014.916048,12499.13906,0,3383053.493,3.749741718,0,1014.916048
107,15/3/16,12499.31031,0,3395552.803,COP,Interest Earned,BONDS,inv4,Mar,2016,4.999724125,0,1358.221121,3.749793094,0,1018.665841,12499.31031,0,3395552.803,3.749793094,0,1018.665841
108,15/4/16,12499.31095,0,3408052.114,COP,Interest Earned,BONDS,inv4,Apr,2016,4.999724379,0,1363.220846,3.749793284,0,1022.415634,12499.31095,0,3408052.114,3.749793284,0,1022.415634
109,15/5/16,12499.31095,0,3420551.425,COP,Interest Earned,BONDS,inv4,May,2016,4.999724381,0,1368.22057,3.749793286,0,1026.165428,12499.31095,0,3420551.425,3.749793286,0,1026.165428
110,15/6/16,12499.31095,0,3433050.736,COP,Interest Earned,BONDS,inv4,Jun,2016,4.999724381,0,1373.220294,3.749793286,0,1029.915221,12499.31095,0,3433050.736,3.749793286,0,1029.915221
111,15/7/16,12499.31095,0,3445550.047,COP,Interest Earned,BONDS,inv4,Jul,2016,4.999724381,0,1378.220019,3.749793286,0,1033.665014,12499.31095,0,3445550.047,3.749793286,0,1033.665014
112,15/8/16,12499.31095,0,3458049.358,COP,Interest Earned,BONDS,inv4,Aug,2016,4.999724381,0,1383.219743,3.749793286,0,1037.414807,12499.31095,0,3458049.358,3.749793286,0,1037.414807
113,15/9/16,12499.31095,0,3470548.669,COP,Interest Earned,BONDS,inv4,Sep,2016,4.999724381,0,1388.219468,3.749793286,0,1041.164601,12499.31095,0,3470548.669,3.749793286,0,1041.164601
114,15/10/16,12499.31095,0,3483047.98,COP,Interest Earned,BONDS,inv4,Oct,2016,4.999724381,0,1393.219192,3.749793286,0,1044.914394,12499.31095,0,3483047.98,3.749793286,0,1044.914394
115,15/11/16,12499.31095,0,3495547.291,COP,Interest Earned,BONDS,inv4,Nov,2016,4.999724381,0,1398.218916,3.749793286,0,1048.664187,12499.31095,0,3495547.291,3.749793286,0,1048.664187
116,15/12/16,12499.31095,0,3508046.602,COP,Interest Earned,BONDS,inv4,Dec,2016,4.999724381,0,1403.218641,3.749793286,0,1052.413981,12499.31095,0,3508046.602,3.749793286,0,1052.413981
117,15/1/17,12499.31095,0,3520545.913,COP,Interest Earned,BONDS,inv4,Jan,2017,4.999724381,0,1408.218365,3.749793286,0,1056.163774,12499.31095,0,3520545.913,3.749793286,0,1056.163774
118,15/2/17,12499.31095,0,3533045.224,COP,Interest Earned,BONDS,inv4,Feb,2017,4.999724381,0,1413.21809,3.749793286,0,1059.913567,12499.31095,0,3533045.224,3.749793286,0,1059.913567
119,15/3/17,12499.31095,0,3545544.535,COP,Interest Earned,BONDS,inv4,Mar,2017,4.999724381,0,1418.217814,3.749793286,0,1063.66336,12499.31095,0,3545544.535,3.749793286,0,1063.66336
120,15/4/17,12499.31095,0,3558043.846,COP,Interest Earned,BONDS,inv4,Apr,2017,4.999724381,0,1423.217538,3.749793286,0,1067.413154,12499.31095,0,3558043.846,3.749793286,0,1067.413154
121,15/5/17,12499.31095,0,3570543.157,COP,Interest Earned,BONDS,inv4,May,2017,4.999724381,0,1428.217263,3.749793286,0,1071.162947,12499.31095,0,3570543.157,3.749793286,0,1071.162947
122,15/6/17,12499.31095,0,3583042.468,COP,Interest Earned,BONDS,inv4,Jun,2017,4.999724381,0,1433.216987,3.749793286,0,1074.91274,12499.31095,0,3583042.468,3.749793286,0,1074.91274
123,15/7/17,12499.31095,0,3595541.779,COP,Interest Earned,BONDS,inv4,Jul,2017,4.999724381,0,1438.216711,3.749793286,0,1078.662534,12499.31095,0,3595541.779,3.749793286,0,1078.662534
124,15/8/17,12499.31095,0,3608041.09,COP,Interest Earned,BONDS,inv4,Aug,2017,4.999724381,0,1443.216436,3.749793286,0,1082.412327,12499.31095,0,3608041.09,3.749793286,0,1082.412327
125,15/9/17,12499.31095,0,3620540.4,COP,Interest Earned,BONDS,inv4,Sep,2017,4.999724381,0,1448.21616,3.749793286,0,1086.16212,12499.31095,0,3620540.4,3.749793286,0,1086.16212
126,15/10/17,12499.31095,0,3633039.711,COP,Interest Earned,BONDS,inv4,Oct,2017,4.999724381,0,1453.215885,3.749793286,0,1089.911913,12499.31095,0,3633039.711,3.749793286,0,1089.911913
127,15/11/17,12499.31095,0,3645539.022,COP,Interest Earned,BONDS,inv4,Nov,2017,4.999724381,0,1458.215609,3.749793286,0,1093.661707,12499.31095,0,3645539.022,3.749793286,0,1093.661707
128,15/12/17,12499.31095,0,3658038.333,COP,Interest Earned,BONDS,inv4,Dec,2017,4.999724381,0,1463.215333,3.749793286,0,1097.4115,12499.31095,0,3658038.333,3.749793286,0,1097.4115
131,15/1/16,4142.015625,0,1008267.016,COP,Interest Earned,BONDS,inv5,Jan,2016,1.656806251,0,403.3068063,1.242604688,0,302.4801047,4142.015627,0,1008267.016,1.242604688,0,302.4801047
132,15/2/16,4159.101439,0,1012426.117,COP,Interest Earned,BONDS,inv5,Feb,2016,1.663640576,0,404.9704468,1.247730432,0,303.7278351,4159.10144,0,1012426.117,1.247730432,0,303.7278351
133,15/3/16,4159.171918,0,1016585.289,COP,Interest Earned,BONDS,inv5,Mar,2016,1.663668768,0,406.6341156,1.247751576,0,304.9755867,4159.17192,0,1016585.289,1.247751576,0,304.9755867
134,15/4/16,4159.172209,0,1020744.461,COP,Interest Earned,BONDS,inv5,Apr,2016,1.663668883,0,408.2977845,1.247751662,0,306.2233384,4159.172207,0,1020744.461,1.247751662,0,306.2233384
135,15/5/16,4159.17221,0,1024903.633,COP,Interest Earned,BONDS,inv5,May,2016,1.663668885,0,409.9614534,1.247751664,0,307.47109,4159.172213,0,1024903.633,1.247751664,0,307.47109
136,15/6/16,4159.17221,0,1029062.806,COP,Interest Earned,BONDS,inv5,Jun,2016,1.663668885,0,411.6251222,1.247751664,0,308.7188417,4159.172213,0,1029062.806,1.247751664,0,308.7188417
137,15/7/16,4159.17221,0,1033221.978,COP,Interest Earned,BONDS,inv5,Jul,2016,1.663668885,0,413.2887911,1.247751664,0,309.9665933,4159.172213,0,1033221.978,1.247751664,0,309.9665933
138,15/8/16,4159.17221,0,1037381.15,COP,Interest Earned,BONDS,inv5,Aug,2016,1.663668885,0,414.95246,1.247751664,0,311.214345,4159.172213,0,1037381.15,1.247751664,0,311.214345
139,15/9/16,4159.17221,0,1041540.322,COP,Interest Earned,BONDS,inv5,Sep,2016,1.663668885,0,416.6161289,1.247751664,0,312.4620967,4159.172213,0,1041540.322,1.247751664,0,312.4620967
140,15/10/16,4159.17221,0,1045699.494,COP,Interest Earned,BONDS,inv5,Oct,2016,1.663668885,0,418.2797978,1.247751664,0,313.7098483,4159.172213,0,1045699.494,1.247751664,0,313.7098483
141,15/11/16,4159.17221,0,1049858.667,COP,Interest Earned,BONDS,inv5,Nov,2016,1.663668885,0,419.9434667,1.247751664,0,314.9576,4159.172213,0,1049858.667,1.247751664,0,314.9576
142,15/12/16,4159.17221,0,1054017.839,COP,Interest Earned,BONDS,inv5,Dec,2016,1.663668885,0,421.6071355,1.247751664,0,316.2053517,4159.172213,0,1054017.839,1.247751664,0,316.2053517
143,15/1/17,4159.17221,0,1058177.011,COP,Interest Earned,BONDS,inv5,Jan,2017,1.663668885,0,423.2708044,1.247751664,0,317.4531033,4159.172213,0,1058177.011,1.247751664,0,317.4531033
144,15/2/17,4159.17221,0,1062336.183,COP,Interest Earned,BONDS,inv5,Feb,2017,1.663668885,0,424.9344733,1.247751664,0,318.700855,4159.172213,0,1062336.183,1.247751664,0,318.700855
145,15/3/17,4159.17221,0,1066495.356,COP,Interest Earned,BONDS,inv5,Mar,2017,1.663668885,0,426.5981422,1.247751664,0,319.9486067,4159.172213,0,1066495.356,1.247751664,0,319.9486067
146,15/4/17,4159.17221,0,1070654.528,COP,Interest Earned,BONDS,inv5,Apr,2017,1.663668885,0,428.2618111,1.247751664,0,321.1963583,4159.172213,0,1070654.528,1.247751664,0,321.1963583
147,15/5/17,4159.17221,0,1074813.7,COP,Interest Earned,BONDS,inv5,May,2017,1.663668885,0,429.92548,1.247751664,0,322.44411,4159.172213,0,1074813.7,1.247751664,0,322.44411
148,15/6/17,4159.17221,0,1078972.872,COP,Interest Earned,BONDS,inv5,Jun,2017,1.663668885,0,431.5891489,1.247751664,0,323.6918616,4159.172213,0,1078972.872,1.247751664,0,323.6918616
149,15/7/17,4159.17221,0,1083132.044,COP,Interest Earned,BONDS,inv5,Jul,2017,1.663668885,0,433.2528177,1.247751664,0,324.9396133,4159.172213,0,1083132.044,1.247751664,0,324.9396133
150,15/8/17,4159.17221,0,1087291.217,COP,Interest Earned,BONDS,inv5,Aug,2017,1.663668885,0,434.9164866,1.247751664,0,326.187365,4159.172213,0,1087291.217,1.247751664,0,326.187365
151,15/9/17,4159.17221,0,1091450.389,COP,Interest Earned,BONDS,inv5,Sep,2017,1.663668885,0,436.5801555,1.247751664,0,327.4351166,4159.172213,0,1091450.389,1.247751664,0,327.4351166
152,15/10/17,4159.17221,0,1095609.561,COP,Interest Earned,BONDS,inv5,Oct,2017,1.663668885,0,438.2438244,1.247751664,0,328.6828683,4159.172213,0,1095609.561,1.247751664,0,328.6828683
153,15/11/17,4159.17221,0,1099768.733,COP,Interest Earned,BONDS,inv5,Nov,2017,1.663668885,0,439.9074933,1.247751664,0,329.93062,4159.172213,0,1099768.733,1.247751664,0,329.93062
154,15/12/17,4159.17221,0,1103927.905,COP,Interest Earned,BONDS,inv5,Dec,2017,1.663668885,0,441.5711622,1.247751664,0,331.1783716,4159.172213,0,1103927.905,1.247751664,0,331.1783716
156,15/3/16,3666666.667,0,3666666.667,COP,Initial Investment,BONDS,inv6,Mar,2016,1466.666667,0,1466.666667,1100,0,1100,3666666.667,0,3666666.667,1100,0,1100
157,15/4/16,19555.55556,0,3686222.222,COP,Interest Earned,BONDS,inv6,Apr,2016,7.822222221,0,1474.488889,5.866666666,0,1105.866667,19555.55555,0,3686222.222,5.866666666,0,1105.866667
158,15/5/16,19659.85185,0,3705882.074,COP,Interest Earned,BONDS,inv6,May,2016,7.863940741,0,1482.35283,5.897955556,0,1111.764622,19659.85185,0,3705882.074,5.897955556,0,1111.764622
159,15/6/16,19660.4081,0,3725542.482,COP,Interest Earned,BONDS,inv6,Jun,2016,7.86416324,0,1490.216993,5.89812243,0,1117.662745,19660.4081,0,3725542.482,5.89812243,0,1117.662745
160,15/7/16,19660.41107,0,3745202.893,COP,Interest Earned,BONDS,inv6,Jul,2016,7.864164427,0,1498.081157,5.89812332,0,1123.560868,19660.41107,0,3745202.893,5.89812332,0,1123.560868
161,15/8/16,19660.41108,0,3764863.304,COP,Interest Earned,BONDS,inv6,Aug,2016,7.864164432,0,1505.945322,5.898123324,0,1129.458991,19660.41108,0,3764863.304,5.898123324,0,1129.458991
162,15/9/16,19660.41108,0,3784523.715,COP,Interest Earned,BONDS,inv6,Sep,2016,7.864164432,0,1513.809486,5.898123324,0,1135.357115,19660.41108,0,3784523.715,5.898123324,0,1135.357115
163,15/10/16,19660.41108,0,3804184.126,COP,Interest Earned,BONDS,inv6,Oct,2016,7.864164432,0,1521.673651,5.898123324,0,1141.255238,19660.41108,0,3804184.126,5.898123324,0,1141.255238
164,15/11/16,19660.41108,0,3823844.538,COP,Interest Earned,BONDS,inv6,Nov,2016,7.864164432,0,1529.537815,5.898123324,0,1147.153361,19660.41108,0,3823844.538,5.898123324,0,1147.153361
165,15/12/16,19660.41108,0,3843504.949,COP,Interest Earned,BONDS,inv6,Dec,2016,7.864164432,0,1537.401979,5.898123324,0,1153.051485,19660.41108,0,3843504.949,5.898123324,0,1153.051485
166,15/1/17,19660.41108,0,3863165.36,COP,Interest Earned,BONDS,inv6,Jan,2017,7.864164432,0,1545.266144,5.898123324,0,1158.949608,19660.41108,0,3863165.36,5.898123324,0,1158.949608
167,15/2/17,19660.41108,0,3882825.771,COP,Interest Earned,BONDS,inv6,Feb,2017,7.864164432,0,1553.130308,5.898123324,0,1164.847731,19660.41108,0,3882825.771,5.898123324,0,1164.847731
168,15/3/17,19660.41108,0,3902486.182,COP,Interest Earned,BONDS,inv6,Mar,2017,7.864164432,0,1560.994473,5.898123324,0,1170.745855,19660.41108,0,3902486.182,5.898123324,0,1170.745855
169,15/4/17,19660.41108,0,3922146.593,COP,Interest Earned,BONDS,inv6,Apr,2017,7.864164432,0,1568.858637,5.898123324,0,1176.643978,19660.41108,0,3922146.593,5.898123324,0,1176.643978
170,15/5/17,19660.41108,0,3941807.004,COP,Interest Earned,BONDS,inv6,May,2017,7.864164432,0,1576.722802,5.898123324,0,1182.542101,19660.41108,0,3941807.004,5.898123324,0,1182.542101
171,15/6/17,19660.41108,0,3961467.415,COP,Interest Earned,BONDS,inv6,Jun,2017,7.864164432,0,1584.586966,5.898123324,0,1188.440225,19660.41108,0,3961467.415,5.898123324,0,1188.440225
172,15/7/17,19660.41108,0,3981127.826,COP,Interest Earned,BONDS,inv6,Jul,2017,7.864164432,0,1592.45113,5.898123324,0,1194.338348,19660.41108,0,3981127.826,5.898123324,0,1194.338348
173,15/8/17,19660.41108,0,4000788.237,COP,Interest Earned,BONDS,inv6,Aug,2017,7.864164432,0,1600.315295,5.898123324,0,1200.236471,19660.41108,0,4000788.237,5.898123324,0,1200.236471
174,15/9/17,19660.41108,0,4020448.648,COP,Interest Earned,BONDS,inv6,Sep,2017,7.864164432,0,1608.179459,5.898123324,0,1206.134595,19660.41108,0,4020448.648,5.898123324,0,1206.134595
175,15/10/17,19660.41108,0,4040109.059,COP,Interest Earned,BONDS,inv6,Oct,2017,7.864164432,0,1616.043624,5.898123324,0,1212.032718,19660.41108,0,4040109.059,5.898123324,0,1212.032718
176,15/11/17,19660.41108,0,4059769.471,COP,Interest Earned,BONDS,inv6,Nov,2017,7.864164432,0,1623.907788,5.898123324,0,1217.930841,19660.41108,0,4059769.471,5.898123324,0,1217.930841
177,15/12/17,19660.41108,0,4079429.882,COP,Interest Earned,BONDS,inv6,Dec,2017,7.864164432,0,1631.771953,5.898123324,0,1223.828964,19660.41108,0,4079429.882,5.898123324,0,1223.828964
179,15/5/16,1160000,0,1160000,COP,Initial Investment,BONDS,inv7,May,2016,464,0,464,348,0,348,1160000,0,1160000,348,0,348
180,15/6/16,6186.666667,0,1166186.667,COP,Interest Earned,BONDS,inv7,Jun,2016,2.474666667,0,466.4746667,1.856,0,349.856,6186.666667,0,1166186.667,1.856,0,349.856
181,15/7/16,6219.662222,0,1172406.329,COP,Interest Earned,BONDS,inv7,Jul,2016,2.487864888,0,468.9625316,1.865898666,0,351.7218987,6219.66222,0,1172406.329,1.865898666,0,351.7218987
182,15/8/16,6219.838199,0,1178626.167,COP,Interest Earned,BONDS,inv7,Aug,2016,2.48793528,0,471.4504668,1.86595146,0,353.5878501,6219.8382,0,1178626.167,1.86595146,0,353.5878501
183,15/9/16,6219.839137,0,1184846.006,COP,Interest Earned,BONDS,inv7,Sep,2016,2.487935656,0,473.9384025,1.865951742,0,355.4538019,6219.83914,0,1184846.006,1.865951742,0,355.4538019
184,15/10/16,6219.839142,0,1191065.845,COP,Interest Earned,BONDS,inv7,Oct,2016,2.487935656,0,476.4263381,1.865951742,0,357.3197536,6219.83914,0,1191065.845,1.865951742,0,357.3197536
185,15/11/16,6219.839142,0,1197285.685,COP,Interest Earned,BONDS,inv7,Nov,2016,2.487935656,0,478.9142738,1.865951742,0,359.1857054,6219.83914,0,1197285.685,1.865951742,0,359.1857054
186,15/12/16,6219.839142,0,1203505.524,COP,Interest Earned,BONDS,inv7,Dec,2016,2.487935656,0,481.4022095,1.865951742,0,361.0516571,6219.83914,0,1203505.524,1.865951742,0,361.0516571
187,15/1/17,6219.839142,0,1209725.363,COP,Interest Earned,BONDS,inv7,Jan,2017,2.487935656,0,483.8901451,1.865951742,0,362.9176088,6219.83914,0,1209725.363,1.865951742,0,362.9176088
188,15/2/17,6219.839142,0,1215945.202,COP,Interest Earned,BONDS,inv7,Feb,2017,2.487935656,0,486.3780808,1.865951742,0,364.7835606,6219.83914,0,1215945.202,1.865951742,0,364.7835606
189,15/3/17,6219.839142,0,1222165.041,COP,Interest Earned,BONDS,inv7,Mar,2017,2.487935656,0,488.8660164,1.865951742,0,366.6495123,6219.83914,0,1222165.041,1.865951742,0,366.6495123
190,15/4/17,6219.839142,0,1228384.88,COP,Interest Earned,BONDS,inv7,Apr,2017,2.487935656,0,491.3539521,1.865951742,0,368.5154641,6219.83914,0,1228384.88,1.865951742,0,368.5154641
191,15/5/17,6219.839142,0,1234604.719,COP,Interest Earned,BONDS,inv7,May,2017,2.487935656,0,493.8418877,1.865951742,0,370.3814158,6219.83914,0,1234604.719,1.865951742,0,370.3814158
192,15/6/17,6219.839142,0,1240824.559,COP,Interest Earned,BONDS,inv7,Jun,2017,2.487935656,0,496.3298234,1.865951742,0,372.2473676,6219.83914,0,1240824.559,1.865951742,0,372.2473676
193,15/7/17,6219.839142,0,1247044.398,COP,Interest Earned,BONDS,inv7,Jul,2017,2.487935656,0,498.8177591,1.865951742,0,374.1133193,6219.83914,0,1247044.398,1.865951742,0,374.1133193
194,15/8/17,6219.839142,0,1253264.237,COP,Interest Earned,BONDS,inv7,Aug,2017,2.487935656,0,501.3056947,1.865951742,0,375.979271,6219.83914,0,1253264.237,1.865951742,0,375.979271
195,15/9/17,6219.839142,0,1259484.076,COP,Interest Earned,BONDS,inv7,Sep,2017,2.487935656,0,503.7936304,1.865951742,0,377.8452228,6219.83914,0,1259484.076,1.865951742,0,377.8452228
196,15/10/17,6219.839142,0,1265703.915,COP,Interest Earned,BONDS,inv7,Oct,2017,2.487935656,0,506.281566,1.865951742,0,379.7111745,6219.83914,0,1265703.915,1.865951742,0,379.7111745
197,15/11/17,6219.839142,0,1271923.754,COP,Interest Earned,BONDS,inv7,Nov,2017,2.487935656,0,508.7695017,1.865951742,0,381.5771263,6219.83914,0,1271923.754,1.865951742,0,381.5771263
198,15/12/17,6219.839142,0,1278143.593,COP,Interest Earned,BONDS,inv7,Dec,2017,2.487935656,0,511.2574373,1.865951742,0,383.443078,6219.83914,0,1278143.593,1.865951742,0,383.443078
200,20/12/17,1287460.733,0,1287460.733,COP,Initial Investment,BONDS,inv8,Dec,2017,514.9842933,0,514.9842933,386.23822,0,386.23822,1287460.733,0,1287460.733,386.23822,0,386.23822
215,20/12/17,2650880.867,0,2650880.867,COP,Initial Investment,BONDS,inv9,Dec,2017,1060.352347,0,1060.352347,795.26426,0,795.26426,2650880.867,0,2650880.867,795.26426,0,795.26426
231,20/12/17,9007940.533,0,9007940.533,COP,Initial Investment,BONDS,inv10,Dec,2017,3603.176213,0,3603.176213,2702.38216,0,2702.38216,9007940.533,0,9007940.533,2702.38216,0,2702.38216
247,15/1/16,709353.2667,0,15376019.93,COP,Interest Earned,REAL_ESTATE,inv11,Jan,2016,283.7413067,0,6150.407973,212.80598,0,4612.80598,709353.2667,0,15376019.93,212.80598,0,4612.80598
248,20/1/16,120000,0,15496019.93,COP,Interest Earned,REAL_ESTATE,inv11,Jan,2016,48,0,6198.407973,36,0,4648.80598,120000,0,15496019.93,36,0,4648.80598
249,1/2/16,126666.6667,0,15622686.6,COP,Interest Earned,REAL_ESTATE,inv11,Feb,2016,50.66666667,0,6249.07464,38,0,4686.80598,126666.6667,0,15622686.6,38,0,4686.80598
250,1/3/16,126666.6667,0,15749353.27,COP,Interest Earned,REAL_ESTATE,inv11,Mar,2016,50.66666667,0,6299.741307,38,0,4724.80598,126666.6667,0,15749353.27,38,0,4724.80598
251,1/4/16,126666.6667,0,15876019.93,COP,Interest Earned,REAL_ESTATE,inv11,Apr,2016,50.66666667,0,6350.407973,38,0,4762.80598,126666.6667,0,15876019.93,38,0,4762.80598
252,1/5/16,126666.6667,0,16002686.6,COP,Interest Earned,REAL_ESTATE,inv11,May,2016,50.66666667,0,6401.07464,38,0,4800.80598,126666.6667,0,16002686.6,38,0,4800.80598
253,1/6/16,0,55240.2,15947446.4,COP,O&M Real Estate,REAL_ESTATE,inv11,Jun,2016,0,22.09608,6378.97856,0,16.57206,4784.23392,0,55240.2,15947446.4,0,16.57206,4784.23392
254,15/6/16,0,1166766.667,14780679.73,COP,Investments,REAL_ESTATE,inv11,Jun,2016,0,466.7066667,5912.271893,0,350.03,4434.20392,0,1166766.667,14780679.73,0,350.03,4434.20392
255,1/8/16,0,5116,14775563.73,COP,O&M Real Estate,REAL_ESTATE,inv11,Aug,2016,0,2.0464,5910.225493,0,1.5348,4432.66912,0,5116,14775563.73,0,1.5348,4432.66912
256,1/9/16,0,21346.73333,14754217,COP,O&M Real Estate,REAL_ESTATE,inv11,Sep,2016,0,8.538693333,5901.6868,0,6.40402,4426.2651,0,21346.73333,14754217,0,6.40402,4426.2651
257,1/10/16,0,55885.4,14698331.6,COP,O&M Real Estate,REAL_ESTATE,inv11,Oct,2016,0,22.35416,5879.33264,0,16.76562,4409.49948,0,55885.4,14698331.6,0,16.76562,4409.49948
258,1/11/16,91586.6,0,14789918.2,COP,Interest Earned,REAL_ESTATE,inv11,Nov,2016,36.63464,0,5915.96728,27.47598,0,4436.97546,91586.6,0,14789918.2,27.47598,0,4436.97546
259,1/12/16,94919.93333,0,14884838.13,COP,Interest Earned,REAL_ESTATE,inv11,Dec,2016,37.96797333,0,5953.935253,28.47598,0,4465.45144,94919.93333,0,14884838.13,28.47598,0,4465.45144
260,1/1/17,0,86200,14798638.13,COP,O&M Real Estate,REAL_ESTATE,inv11,Jan,2017,0,34.48,5919.455253,0,25.86,4439.59144,0,86200,14798638.13,0,25.86,4439.59144
261,15/1/17,94919.93333,0,14893558.07,COP,Interest Earned,REAL_ESTATE,inv11,Jan,2017,37.96797333,0,5957.423227,28.47598,0,4468.06742,94919.93333,0,14893558.07,28.47598,0,4468.06742
262,1/2/17,94919.93333,0,14988478,COP,Interest Earned,REAL_ESTATE,inv11,Feb,2017,37.96797333,0,5995.3912,28.47598,0,4496.5434,94919.93333,0,14988478,28.47598,0,4496.5434
263,1/3/17,94919.93333,0,15083397.93,COP,Interest Earned,REAL_ESTATE,inv11,Mar,2017,37.96797333,0,6033.359173,28.47598,0,4525.01938,94919.93333,0,15083397.93,28.47598,0,4525.01938
264,1/4/17,90653.26667,0,15174051.2,COP,Interest Earned,REAL_ESTATE,inv11,Apr,2017,36.26130667,0,6069.62048,27.19598,0,4552.21536,90653.26667,0,15174051.2,27.19598,0,4552.21536
265,15/4/17,0,3333.333333,15170717.87,COP,O&M Real Estate,REAL_ESTATE,inv11,Apr,2017,0,1.333333333,6068.287147,0,1,4551.21536,0,3333.333333,15170717.87,0,1,4551.21536
266,1/5/17,93986.6,0,15264704.47,COP,Interest Earned,REAL_ESTATE,inv11,May,2017,37.59464,0,6105.881787,28.19598,0,4579.41134,93986.6,0,15264704.47,28.19598,0,4579.41134
267,1/6/17,93986.6,0,15358691.07,COP,Interest Earned,REAL_ESTATE,inv11,Jun,2017,37.59464,0,6143.476427,28.19598,0,4607.60732,93986.6,0,15358691.07,28.19598,0,4607.60732
268,1/7/17,93986.6,0,15452677.67,COP,Interest Earned,REAL_ESTATE,inv11,Jul,2017,37.59464,0,6181.071067,28.19598,0,4635.8033,93986.6,0,15452677.67,28.19598,0,4635.8033
269,1/8/17,93986.6,0,15546664.27,COP,Interest Earned,REAL_ESTATE,inv11,Aug,2017,37.59464,0,6218.665707,28.19598,0,4663.99928,93986.6,0,15546664.27,28.19598,0,4663.99928
270,1/9/17,93986.6,0,15640650.87,COP,Interest Earned,REAL_ESTATE,inv11,Sep,2017,37.59464,0,6256.260347,28.19598,0,4692.19526,93986.6,0,15640650.87,28.19598,0,4692.19526
271,1/10/17,90653.26667,0,15731304.13,COP,Interest Earned,REAL_ESTATE,inv11,Oct,2017,36.26130667,0,6292.521653,27.19598,0,4719.39124,90653.26667,0,15731304.13,27.19598,0,4719.39124
272,1/11/17,100503.2667,0,15831807.4,COP,Interest Earned,REAL_ESTATE,inv11,Nov,2017,40.20130667,0,6332.72296,30.15098,0,4749.54222,100503.2667,0,15831807.4,30.15098,0,4749.54222
273,1/12/17,100503.2667,0,15932310.67,COP,Interest Earned,REAL_ESTATE,inv11,Dec,2017,40.20130667,0,6372.924267,30.15098,0,4779.6932,100503.2667,0,15932310.67,30.15098,0,4779.6932
302,15/1/16,0,0,8083.616667,CHF,Interest Earned,REAL_ESTATE,inv13,Jan,2016,0,0,11528.85409,0,0,8083.616667,0,0,26076183.19,0,0,8088.466837
303,15/2/16,0,0,8083.616667,CHF,Interest Earned,REAL_ESTATE,inv13,Feb,2016,0,0,11292.00412,0,0,8083.616667,0,0,26076183.19,0,0,7929.219588
304,15/3/16,0,0,8083.616667,CHF,Interest Earned,REAL_ESTATE,inv13,Mar,2016,0,0,11342.12255,0,0,8083.616667,0,0,26076183.19,0,0,8092.508645
305,15/4/16,0,0,8083.616667,CHF,Interest Earned,REAL_ESTATE,inv13,Apr,2016,0,0,11364.75667,0,0,8083.616667,0,0,26076183.19,0,0,8442.529247
306,15/5/16,0,0,8083.616667,CHF,Interest Earned,REAL_ESTATE,inv13,May,2016,0,0,11325.14695,0,0,8083.616667,0,0,26076183.19,0,0,8446.571055
307,15/6/16,0,0,8083.616667,CHF,Interest Earned,REAL_ESTATE,inv13,Jun,2016,0,0,11242.69406,0,0,8083.616667,0,0,26076183.19,0,0,8170.919727
308,15/7/16,0,0,8083.616667,CHF,Interest Earned,REAL_ESTATE,inv13,Jul,2016,0,0,11160.24117,0,0,8083.616667,0,0,26076183.19,0,0,8307.532848
309,15/8/16,0,0,8083.616667,CHF,Interest Earned,REAL_ESTATE,inv13,Aug,2016,0,0,11194.19236,0,0,8083.616667,0,0,26076183.19,0,0,8350.376017
310,15/9/16,0,0,8083.616667,CHF,Interest Earned,REAL_ESTATE,inv13,Sep,2016,0,0,11190.95891,0,0,8083.616667,0,0,26076183.19,0,0,8207.296002
311,15/10/16,0,0,8083.616667,CHF,Interest Earned,REAL_ESTATE,inv13,Oct,2016,0,0,11346.97272,0,0,8083.616667,0,0,26076183.19,0,0,8318.849912
312,15/11/16,0,0,8083.616667,CHF,Interest Earned,REAL_ESTATE,inv13,Nov,2016,0,0,11433.46741,0,0,8083.616667,0,0,26076183.19,0,0,8234.780298
313,15/12/16,0,0,8083.616667,CHF,Interest Earned,REAL_ESTATE,inv13,Dec,2016,0,0,11396.28278,0,0,8083.616667,0,0,26076183.19,0,0,7980.954735
314,15/1/17,0,0,8083.616667,CHF,Interest Earned,REAL_ESTATE,inv13,Jan,2017,0,0,11456.9099,0,0,8083.616667,0,0,26076183.19,0,0,7897.693483
315,15/2/17,0,0,8083.616667,CHF,Interest Earned,REAL_ESTATE,inv13,Feb,2017,0,0,11535.32098,0,0,8083.616667,0,0,26076183.19,0,0,8166.877918
316,15/3/17,0,0,8083.616667,CHF,Interest Earned,REAL_ESTATE,inv13,Mar,2017,0,0,11268.56163,0,0,8083.616667,0,0,26076183.19,0,0,7997.121968
317,15/4/17,0,0,8083.616667,CHF,Interest Earned,REAL_ESTATE,inv13,Apr,2017,0,0,11275.02853,0,0,8083.616667,0,0,26076183.19,0,0,8067.449433
318,15/5/17,0,0,8083.616667,CHF,Interest Earned,REAL_ESTATE,inv13,May,2017,0,0,11338.8891,0,0,8083.616667,0,0,26076183.19,0,0,8130.501643
319,15/6/17,0,0,8083.616667,CHF,Interest Earned,REAL_ESTATE,inv13,Jun,2017,0,0,11531.27918,0,0,8083.616667,0,0,26076183.19,0,0,8333.400422
320,15/7/17,0,0,8083.616667,CHF,Interest Earned,REAL_ESTATE,inv13,Jul,2017,0,0,11604.03173,0,0,8083.616667,0,0,26076183.19,0,0,8398.069355
321,15/8/17,0,0,8083.616667,CHF,Interest Earned,REAL_ESTATE,inv13,Aug,2017,0,0,11361.52323,0,0,8083.616667,0,0,26076183.19,0,0,8365.734888
322,15/9/17,0,0,8083.616667,CHF,Interest Earned,REAL_ESTATE,inv13,Sep,2017,0,0,11407.59984,0,0,8083.616667,0,0,26076183.19,0,0,8422.320205
323,15/10/17,0,0,8083.616667,CHF,Interest Earned,REAL_ESTATE,inv13,Oct,2017,0,0,11348.58944,0,0,8083.616667,0,0,26076183.19,0,0,8328.550252
324,15/11/17,0,0,8083.616667,CHF,Interest Earned,REAL_ESTATE,inv13,Nov,2017,0,0,10978.3598,0,0,8083.616667,0,0,26076183.19,0,0,8064.215987
325,15/12/17,0,0,8083.616667,CHF,Interest Earned,REAL_ESTATE,inv13,Dec,2017,0,0,11072.93811,0,0,8083.616667,0,0,26076183.19,0,0,8217.804703